season,week,celebrity_name,judge_pct,fan_pct,new_score,old_score,is_eliminated
15,1,Apolo Anton Ohno,0.07956600361663653,0.0784232935294022,0.0789260859677853,0.1579892971460387,False
15,1,Bristol Palin,0.0705244122965642,0.0716922188278746,0.07117838395409803,0.1422166311244388,False
15,1,Drew Lachey,0.07775768535262206,0.0786069240867833,0.07823325904375236,0.15636460943940536,False
15,1,Emmitt Smith,0.08860759493670885,0.0693818031841057,0.07784115155525109,0.15798939812081453,False
15,1,Gilles Marini,0.0867992766726944,0.0711901043843961,0.07805814019124735,0.15798938105709048,False
15,1,Helio Castroneves,0.07775768535262206,0.0786057635316596,0.07823260913288309,0.15636344888428166,False
15,1,Joey Fatone,0.07414104882459313,0.0750777437955786,0.07466559800834499,0.14921879262017174,False
15,1,Kelly Monaco,0.07775768535262206,0.0786059823387977,0.07823273166488043,0.15636366769141977,False
15,1,Kirstie Alley,0.06871609403254973,0.070049629740543,0.06946287402902597,0.13876572377309274,False
15,1,Melissa Rycroft,0.0759493670886076,0.0768239376918515,0.07643912662642419,0.15277330478045908,False
15,1,Pamela Anderson,0.06148282097649185,0.0965057592979556,0.08109566643651156,0.15798858027444745,True
15,1,Sabrina Bryan,0.081374321880651,0.0766142545495583,0.07870868417523909,0.1579885764302093,False
15,1,Shawn Johnson,0.07956600361663653,0.0784225850414934,0.07892568921455638,0.15798858865812992,False
15,2,Apolo Anton Ohno,0.08876811594202899,0.088822181813599,0.08879623019524541,0.17759029775562798,False
15,2,Bristol Palin,0.06521739130434782,0.0669844298028622,0.06613625132357531,0.13220182110721002,False
15,2,Drew Lachey,0.08152173913043478,0.0814453191083792,0.08148200071896589,0.16296705823881397,False
15,2,Emmitt Smith,0.08152173913043478,0.0814453191083792,0.08148200071896589,0.16296705823881397,False
15,2,Gilles Marini,0.09239130434782608,0.0865336690578807,0.0893453339970545,0.1789249734057068,False
15,2,Helio Castroneves,0.08333333333333331,0.0832309285631196,0.08328008285282218,0.1665642618964529,False
15,2,Joey Fatone,0.08152173913043478,0.0974042410531885,0.08978064013026671,0.17892598018362327,True
15,2,Kelly Monaco,0.07971014492753623,0.0796974930448382,0.07970356594853326,0.15940763797237442,False
15,2,Kirstie Alley,0.07608695652173914,0.0763119859223576,0.07620397181006075,0.15239894244409674,False
15,2,Melissa Rycroft,0.08514492753623189,0.0850550706887195,0.08509820197552545,0.17019999822495138,False
15,2,Sabrina Bryan,0.09420289855072465,0.0847230981158044,0.08927340232456613,0.17892599666652906,False
15,2,Shawn Johnson,0.09057971014492754,0.0883462637208714,0.08941831800441835,0.17892597386579895,False
15,3,Apolo Anton Ohno,0.09172661870503598,0.092598119604364,0.09214493913671343,0.1843247383094,False
15,3,Bristol Palin,0.08093525179856115,0.0821680246025148,0.0815269827444589,0.16310327640107594,False
15,3,Drew Lachey,0.08633093525179855,0.1000792597024253,0.0929301309880994,0.18641019495422384,True
15,3,Emmitt Smith,0.08992805755395683,0.0907731735005004,0.09033371320829775,0.18070123105445723,False
15,3,Gilles Marini,0.09172661870503598,0.092598119604364,0.09214493913671343,0.1843247383094,False
15,3,Helio Castroneves,0.09172661870503598,0.092598119604364,0.09214493913671343,0.1843247383094,True
15,3,Kelly Monaco,0.09712230215827339,0.0891387320931426,0.09329018852701061,0.186261034251416,False
15,3,Kirstie Alley,0.08633093525179855,0.0872291649734357,0.08676208551818439,0.17356010022523427,False
15,3,Melissa Rycroft,0.09712230215827339,0.0891327131772248,0.09328729944737008,0.1862550153354982,False
15,3,Sabrina Bryan,0.09172661870503598,0.0925981173816536,0.09214493806981244,0.1843247360866896,False
15,3,Shawn Johnson,0.09532374100719425,0.0910864557560106,0.0932898440866261,0.18641019676320486,False
15,4,Apolo Anton Ohno,0.10730948678071538,0.1078864685343624,0.10756335875232007,0.2151959553150778,False
15,4,Bristol Palin,0.09953343701399689,0.1305808815013581,0.11319431258843582,0.230114318515355,True
15,4,Emmitt Smith,0.1119751166407465,0.1124592980144736,0.11218815644518643,0.2244344146552201,False
15,4,Gilles Marini,0.12286158631415241,0.1072536269135374,0.1159940841778818,0.2301152132276898,False
15,4,Kelly Monaco,0.1166407465007776,0.1134736873349613,0.11524724046781842,0.2301144338357389,False
15,4,Kirstie Alley,0.09331259720062209,0.0952001175929956,0.09414310617326643,0.1885127147936177,False
15,4,Melissa Rycroft,0.11508553654743393,0.1149771031379811,0.11503782584727469,0.23006263968541502,False
15,4,Sabrina Bryan,0.1104199066874028,0.1109151182027524,0.11063779975415662,0.22133502489015522,False
15,4,Shawn Johnson,0.12286158631415241,0.1072536987675776,0.11599411579365948,0.23011528508173001,False
15,5,Apolo Anton Ohno,0.12710911136107989,0.1270297220076315,0.12707735561970052,0.25413883336871135,False
15,5,Emmitt Smith,0.12598425196850394,0.1258917254242673,0.12594724135080929,0.25187597739277123,False
15,5,Gilles Marini,0.12710911136107989,0.1270297220076315,0.12707735561970052,0.25413883336871135,False
15,5,Kelly Monaco,0.11586051743532058,0.1160977303279885,0.11595540259238775,0.2319582477633091,False
15,5,Kirstie Alley,0.11811023622047244,0.1182061447319609,0.11814859962506782,0.23631638095243335,False
15,5,Melissa Rycroft,0.12710911136107989,0.1270297220076315,0.12707735561970052,0.25413883336871135,False
15,5,Sabrina Bryan,0.13160854893138357,0.1316855114852571,0.13163933395293298,0.26329406041664066,False
15,5,Shawn Johnson,0.12710911136107989,0.1270297220076315,0.12707735561970052,0.25413883336871135,False
15,6,Apolo Anton Ohno,0.13274336283185845,0.1328471900439604,0.13278074062821515,0.26559055287581884,False
15,6,Emmitt Smith,0.11725663716814161,0.1173669926924219,0.11729636515688252,0.2346236298605635,False
15,6,Gilles Marini,0.1216814159292035,0.1215959843339117,0.12165066055489845,0.2432774002631152,False
15,6,Kelly Monaco,0.11946902654867256,0.1194627766492394,0.11946677658487663,0.23893180319791196,False
15,6,Kirstie Alley,0.1216814159292035,0.1215959843339117,0.12165066055489845,0.2432774002631152,False
15,6,Melissa Rycroft,0.13053097345132744,0.1305165978929015,0.1305257982502941,0.26104757134422896,False
15,6,Sabrina Bryan,0.13274336283185845,0.1328471900439604,0.13278074062821515,0.26559055287581884,True
15,6,Shawn Johnson,0.12389380530973453,0.1237672840096927,0.12384825764171947,0.2476610893194272,False
15,7,Apolo Anton Ohno,0.1363640308050478,0.1358691468781234,0.136205667948432,0.27223317768317123,False
15,7,Emmitt Smith,0.1425619826173051,0.1418936637075696,0.14234812056618973,0.2844556463248747,False
15,7,Gilles Marini,0.1384293260352406,0.1378476836433594,0.13824320046983862,0.2762770096786,False
15,7,Kelly Monaco,0.14876076087823395,0.1481861683851472,0.14857689128044618,0.2969469292633812,False
15,7,Kirstie Alley,0.11570240079206841,0.1175731692936249,0.11630104671256647,0.2332755700856933,False
15,7,Melissa Rycroft,0.16115707772708437,0.1616193042126183,0.16130499020245523,0.3227763819397027,False
15,7,Shawn Johnson,0.15702442114501985,0.1570108638795571,0.15702008282007177,0.31403528502457695,False
15,8,Apolo Anton Ohno,0.1469193195013584,0.1468460880987225,0.14689881470862032,0.29376540760008085,False
15,8,Emmitt Smith,0.1458037890899821,0.1457034278159395,0.1457756879332502,0.29150721690592163,False
15,8,Gilles Marini,0.1469193195013584,0.15042629130215,0.14790127160558003,0.2973456108035084,True
15,8,Kelly Monaco,0.1421801970519487,0.1420527309459749,0.14214450654227603,0.2842329279979236,False
15,8,Kirstie Alley,0.127962327890669,0.1285911100724236,0.1281383869015603,0.2565534379630926,True
15,8,Melissa Rycroft,0.15054391516549293,0.1468016952053191,0.14949609357664426,0.29734561037081203,False
15,8,Shawn Johnson,0.13967113179919047,0.1395786565594703,0.1396452387320688,0.27924978835866077,False
15,9,Apolo Anton Ohno,0.20291532535175608,0.2090672325003096,0.2043917830674089,0.41198255785206567,True
15,9,Emmitt Smith,0.1914897691271684,0.1916444715061932,0.19152689769813436,0.3831342406333616,True
15,9,Kelly Monaco,0.19227700484469118,0.1924009091261374,0.19230674187223828,0.38467791397082857,False
15,9,Melissa Rycroft,0.20409759737077454,0.2041251335872241,0.20410420606272242,0.40822273095799866,False
15,9,Shawn Johnson,0.2092203033056099,0.2027622532801354,0.207670371299496,0.4119825565857453,False
15,10,Kelly Monaco,0.33312125307392404,0.3331163398074084,0.3331202704206209,0.6662375928813324,False
15,10,Melissa Rycroft,0.33566392755094215,0.3356670752192338,0.33566455708460047,0.671331002770176,False
15,10,Shawn Johnson,0.33121481937513375,0.3312165849733577,0.3312151724947785,0.6624314043484915,False
27,1,Alexis Ren,0.08627450980392157,0.0816926759348405,0.08370868283723618,0.16796718573876207,False
27,1,Bobby Bones,0.07843137254901959,0.078286318252116,0.07835014214275358,0.1567176908011356,False
27,1,Danelle Umstead,0.07058823529411765,0.070861037432945,0.07074100449186096,0.14144927272706265,False
27,1,DeMarcus Ware,0.09019607843137256,0.0777568222719636,0.08323009498210354,0.16795290070333616,False
27,1,Evanna Lynch,0.07058823529411765,0.0708634841049942,0.07074237462820851,0.14145171939911183,False
27,1,Joe Amabile,0.054901960784313725,0.0579231857304543,0.05659384675415245,0.11282514651476802,False
27,1,John Schneider,0.07058823529411765,0.0708635232532269,0.07074239655121883,0.14145175854734454,False
27,1,Juan Pablo Di Pace,0.08627450980392157,0.0816950955576022,0.08371003782598271,0.16796960536152378,False
27,1,Mary Lou Retton,0.07843137254901959,0.0782889657505191,0.0783516247418593,0.1567203382995387,False
27,1,Milo Manheim,0.07843137254901959,0.0782863367090746,0.0783501524786504,0.1567177092580942,False
27,1,Nancy McKeon,0.07647058823529412,0.0763667800757775,0.07641245566596482,0.15283736831107164,False
27,1,Nikki Glaser,0.06862745098039216,0.0993422021900923,0.08582771165782424,0.16796965317048446,True
27,1,Tinashe,0.09019607843137256,0.0777735727363932,0.08323947524218411,0.16796965116776574,False
27,2,Alexis Ren,0.09057301293900183,0.0866237094622966,0.08851937513111512,0.1771967224012984,False
27,2,Bobby Bones,0.07208872458410351,0.0737665583592463,0.07296119814717776,0.14585528294334982,False
27,2,Danelle Umstead,0.06839186691312385,0.1088039742128851,0.0894061627089997,0.17719584112600895,True
27,2,DeMarcus Ware,0.08687615526802218,0.0880817825621709,0.08750308146097951,0.1749579378301931,False
27,2,Evanna Lynch,0.08872458410351201,0.088471726611331,0.0885930982075779,0.17719631071484301,False
27,2,Joe Amabile,0.06469500924214418,0.0675384272497483,0.06617358660609833,0.13223343649189248,False
27,2,John Schneider,0.07948243992606285,0.0805033164731445,0.08001329573054532,0.15998575639920737,False
27,2,Juan Pablo Di Pace,0.09611829944547134,0.0810784343105312,0.08829756957530248,0.17719673375600253,False
27,2,Mary Lou Retton,0.08502772643253234,0.0859057093369654,0.08548427754283754,0.17093343576949774,False
27,2,Milo Manheim,0.09611829944547134,0.0810785134290455,0.0882976107169299,0.17719681287451683,False
27,2,Nancy McKeon,0.07578558225508318,0.0770696730938205,0.07645330949122658,0.15285525534890368,False
27,2,Tinashe,0.09611829944547134,0.0810781748988141,0.08829743468120958,0.17719647434428543,False
27,3,Alexis Ren,0.09594095940959409,0.0966223662833395,0.0962680347089919,0.1925633256929336,False
27,3,Bobby Bones,0.08487084870848709,0.0854549477618843,0.08515121625411776,0.17032579647037138,False
27,3,DeMarcus Ware,0.09594095940959409,0.096769840420969,0.09633882229505406,0.1927107998305631,False
27,3,Evanna Lynch,0.0996309963099631,0.095235565707171,0.0975211896206229,0.1948665620171341,False
27,3,Joe Amabile,0.06642066420664207,0.0698251321241904,0.06805480880706527,0.13624579633083247,False
27,3,John Schneider,0.07749077490774908,0.0788476379613962,0.0781420691734997,0.1563384128691453,False
27,3,Juan Pablo Di Pace,0.11070110701107011,0.084166004596922,0.09796425785227902,0.1948671116079921,False
27,3,Mary Lou Retton,0.08856088560885608,0.0889473348632573,0.08874638125096868,0.1775082204721134,False
27,3,Milo Manheim,0.0996309963099631,0.0952223784736605,0.09751485974853785,0.19485337478362358,False
27,3,Nancy McKeon,0.08118081180811808,0.1136862907486642,0.09678344169958021,0.19486710255678227,True
27,3,Tinashe,0.0996309963099631,0.0952225010585454,0.0975149185892826,0.1948534973685085,False
27,4,Alexis Ren,0.10775862068965517,0.1069526924347615,0.10740401225750196,0.21471131312441666,False
27,4,Bobby Bones,0.08620689655172414,0.0862289534860861,0.0862166016028434,0.17243585003781026,False
27,4,DeMarcus Ware,0.09482758620689656,0.0939907443711295,0.09445937579915906,0.18881833057802605,False
27,4,Evanna Lynch,0.10344827586206896,0.1024461111750784,0.10300732339979311,0.20589438703714735,False
27,4,Joe Amabile,0.06465517241379311,0.0695014426724696,0.06678753132761076,0.1341566150862627,False
27,4,John Schneider,0.09051724137931033,0.0900267642641603,0.09030143144864432,0.18054400564347062,False
27,4,Juan Pablo Di Pace,0.10344827586206896,0.1024461111750784,0.10300732339979311,0.20589438703714735,False
27,4,Mary Lou Retton,0.11206896551724141,0.1116558530097742,0.11188719601395583,0.2237248185270156,False
27,4,Milo Manheim,0.125,0.1119103408602877,0.1192405499785266,0.2369103408602877,False
27,4,Tinashe,0.11206896551724141,0.1248409865511738,0.11768865477217166,0.2369099520684152,True
27,5,Alexis Ren,0.13063063063063063,0.1310831451253046,0.13081163642850022,0.26171377575593524,False
27,5,Bobby Bones,0.0945945945945946,0.0947751736045843,0.09466682619859049,0.1893697681991789,False
27,5,DeMarcus Ware,0.11711711711711713,0.1160719428513942,0.11669904741082796,0.23318905996851133,False
27,5,Evanna Lynch,0.1081081081081081,0.1070321348182416,0.10767771879216151,0.2151402429263497,False
27,5,Joe Amabile,0.07657657657657657,0.0805876434746365,0.07818100333580054,0.15716422005121305,False
27,5,John Schneider,0.1081081081081081,0.1070321348182416,0.10767771879216151,0.2151402429263497,False
27,5,Juan Pablo Di Pace,0.13063063063063063,0.1310831451253046,0.13081163642850022,0.26171377575593524,False
27,5,Mary Lou Retton,0.11261261261261261,0.1114604317050928,0.1121517402496047,0.22407304431770542,False
27,5,Milo Manheim,0.12162162162162163,0.1208742484771996,0.12132267236385283,0.24249587009882123,False
27,6,Alexis Ren,0.11790393013100436,0.1179521835915996,0.11792130137681867,0.23585611372260396,False
27,6,Bobby Bones,0.0960698689956332,0.0971718351986933,0.09646657682873483,0.1932417041943265,False
27,6,DeMarcus Ware,0.11353711790393013,0.1135829943211441,0.11355363341412716,0.22712011222507422,False
27,6,Evanna Lynch,0.12663755458515286,0.1186617047247844,0.12376624863542021,0.24529925930993726,False
27,6,Joe Amabile,0.0960698689956332,0.0971718352442202,0.09646657684512452,0.1932417042398534,False
27,6,John Schneider,0.08296943231441048,0.0863693664433158,0.0841934086008164,0.16933879875772628,False
27,6,Juan Pablo Di Pace,0.13100436681222707,0.1142963915291441,0.1249894957103172,0.24530075834137116,False
27,6,Mary Lou Retton,0.10480349344978165,0.1404972636352597,0.11765325071655375,0.24530075708504134,True
27,6,Milo Manheim,0.13100436681222707,0.1142964253118386,0.12498950787208722,0.2453007921240657,False
27,7,Alexis Ren,0.12643678160919541,0.1264756995330811,0.12644923534483885,0.2529124811422765,False
27,7,Bobby Bones,0.12183908045977011,0.1219204935332395,0.1218651326432803,0.24375957399300963,False
27,7,DeMarcus Ware,0.12183908045977011,0.1382312461840955,0.12708457349155422,0.2600703266438656,True
27,7,Evanna Lynch,0.135632183908046,0.1244381820749544,0.13205010332145667,0.2600703659830004,False
27,7,Joe Amabile,0.10804597701149427,0.1092035646031148,0.10841640504081283,0.21724954161460908,False
27,7,John Schneider,0.12413793103448276,0.1241780944483029,0.1241507833269052,0.24831602548278564,True
27,7,Juan Pablo Di Pace,0.12873563218390804,0.1288156981057785,0.12876125327890658,0.2575513302896866,False
27,7,Milo Manheim,0.13333333333333333,0.126737021517433,0.13122251355224523,0.26007035485076635,False
27,8,Alexis Ren,0.18012422360248448,0.1528876711977503,0.1724979889291589,0.33301189480023474,False
27,8,Bobby Bones,0.13975155279503104,0.146867102470663,0.141743906704208,0.2866186552656941,False
27,8,Evanna Lynch,0.18012422360248448,0.1528876744451145,0.17249798983842088,0.333011898047599,False
27,8,Joe Amabile,0.14285714285714285,0.1901547677671523,0.15610047783194547,0.33301191062429514,True
27,8,Juan Pablo Di Pace,0.1863354037267081,0.1949983502413214,0.1887610287507998,0.3813337539680295,True
27,8,Milo Manheim,0.17080745341614909,0.1622044338779984,0.1683986079454669,0.3330118872941475,False
27,9,Alexis Ren,0.24675324675324678,0.2638905262775481,0.2508661938390791,0.5106437730307949,True
27,9,Bobby Bones,0.2337662337662337,0.2343024426487425,0.2338949238980358,0.4680686764149762,False
27,9,Evanna Lynch,0.2597402597402597,0.2509035166160897,0.2576194413904589,0.5106437763563494,False
27,9,Milo Manheim,0.2597402597402597,0.2509035144576196,0.2576194408724261,0.5106437741978793,False
28,1,Ally Brooke,0.08121827411167512,0.0800600180739372,0.08056965073054188,0.16127829218561232,False
28,1,Hannah Brown,0.10152284263959394,0.1021488845679996,0.10187342611950112,0.20367172720759352,False
28,1,James Van Der Beek,0.1065989847715736,0.108564569572367,0.1076997122600179,0.2151635543439406,False
28,1,Karamo Brown,0.08629441624365482,0.0850883633131299,0.08561902660256088,0.17138277955678471,False
28,1,Kate Flannery,0.07614213197969544,0.0753288257574241,0.0756866804952235,0.15147095773711955,False
28,1,Kel Mitchell,0.08121827411167512,0.0800600180739372,0.08056965073054188,0.16127829218561232,False
28,1,Lamar Odom,0.05583756345177665,0.0590395791117344,0.05763069222135299,0.11487714256351106,False
28,1,Lauren Alaina,0.0964467005076142,0.096112338119032,0.09625945757000817,0.1925590386266462,False
28,1,Mary Wilson,0.08629441624365482,0.0850883633131299,0.08561902660256088,0.17138277955678471,False
28,1,Ray Lewis,0.07614213197969544,0.0753288257574241,0.0756866804952235,0.15147095773711955,False
28,1,Sailor Brinkley-Cook,0.09137055837563451,0.09043252481683,0.090845259582704,0.18180308319246452,False
28,1,Sean Spicer,0.06091370558375635,0.0627476895230543,0.06194073658976321,0.12366139510681065,False
28,2,Ally Brooke,0.09132420091324199,0.0904165782360113,0.09085223712108204,0.1817407791492533,False
28,2,Hannah Brown,0.1095890410958904,0.1125734300574833,0.11114092335591871,0.2221624711533737,False
28,2,James Van Der Beek,0.09132420091324199,0.0904165782360113,0.09085223712108204,0.1817407791492533,False
28,2,Karamo Brown,0.0867579908675799,0.0855955347458616,0.08615351368428639,0.1723535256134415,False
28,2,Kate Flannery,0.0958904109589041,0.0955091599600528,0.09569216043950143,0.1913995709189569,False
28,2,Kel Mitchell,0.09132420091324199,0.0904165782360113,0.09085223712108204,0.1817407791492533,False
28,2,Lamar Odom,0.0547945205479452,0.0583273713012453,0.056631602939661255,0.1131218918491905,False
28,2,Lauren Alaina,0.0867579908675799,0.0855955347458616,0.08615351368428639,0.1723535256134415,False
28,2,Mary Wilson,0.06849315068493152,0.0687485069372684,0.06862593593614671,0.13724165762219992,True
28,2,Ray Lewis,0.06849315068493152,0.0687485091890152,0.06862593710705504,0.1372416598739467,True
28,2,Sailor Brinkley-Cook,0.0821917808219178,0.0810315509762561,0.08158846130217372,0.1632233317981739,False
28,2,Sean Spicer,0.0730593607305936,0.0726206673789213,0.072831240187724,0.14568002810951491,False
28,3,Ally Brooke,0.12121212121212119,0.1213163932253264,0.12126217177845969,0.2425285144374476,False
28,3,Hannah Brown,0.10606060606060605,0.1042598980433073,0.10519626621230266,0.21032050410391334,False
28,3,James Van Der Beek,0.11616161616161616,0.1153414549372642,0.11576793877392721,0.23150307109888035,False
28,3,Karamo Brown,0.08080808080808081,0.0809929042437526,0.08089679605720328,0.16180098505183343,False
28,3,Kate Flannery,0.12121212121212119,0.1213163932253264,0.12126217177845969,0.2425285144374476,False
28,3,Kel Mitchell,0.10101010101010101,0.0991250070350378,0.10010525590207067,0.2001351080451388,False
28,3,Lamar Odom,0.06060606060606061,0.0661775543230878,0.06328037759023367,0.1267836149291484,False
28,3,Lauren Alaina,0.10101010101010101,0.0991250070350378,0.10010525590207067,0.2001351080451388,False
28,3,Sailor Brinkley-Cook,0.11616161616161616,0.1153414549372642,0.11576793877392721,0.23150307109888035,False
28,3,Sean Spicer,0.07575757575757576,0.0770039329945948,0.0763558272313449,0.15276150875217057,False
28,4,Ally Brooke,0.11347517730496454,0.1131292111584431,0.1133229522004951,0.22660438846340764,False
28,4,Hannah Brown,0.11347517730496454,0.1131292111584431,0.1133229522004951,0.22660438846340764,False
28,4,James Van Der Beek,0.09929078014184398,0.0981686242259653,0.09879703153885736,0.1974594043678093,False
28,4,Karamo Brown,0.09929078014184398,0.0981686242259653,0.09879703153885736,0.1974594043678093,False
28,4,Kate Flannery,0.09219858156028367,0.0914474663903087,0.09186809088549469,0.18364604795059236,False
28,4,Kel Mitchell,0.11347517730496454,0.1131292111584431,0.1133229522004951,0.22660438846340764,False
28,4,Lamar Odom,0.07092198581560284,0.0739211298618033,0.07224160919593105,0.14484311567740615,True
28,4,Lauren Alaina,0.11347517730496454,0.1131292111584431,0.1133229522004951,0.22660438846340764,False
28,4,Sailor Brinkley-Cook,0.1099290780141844,0.1091878326113068,0.10960293003691826,0.2191169106254912,False
28,4,Sean Spicer,0.07446808510638298,0.0765894780508781,0.07540149800196083,0.15105756315726107,False
28,5,Ally Brooke,0.12558139534883722,0.1259318043372406,0.12572155894419856,0.2515131996860778,False
28,5,Hannah Brown,0.11627906976744183,0.115817953824026,0.11609462339007551,0.23209702359146783,False
28,5,James Van Der Beek,0.12093023255813953,0.1207690519119315,0.12086576029965632,0.24169928447007105,False
28,5,Karamo Brown,0.09767441860465116,0.0979618124952528,0.09778937616089181,0.19563623109990397,False
28,5,Kate Flannery,0.11162790697674421,0.1110698330046175,0.11140467738789353,0.22269773998136172,False
28,5,Kel Mitchell,0.12093023255813953,0.1207690519119315,0.12086576029965632,0.24169928447007105,False
28,5,Lauren Alaina,0.10697674418604651,0.1065163681135114,0.10679259375703246,0.21349311229955792,False
28,5,Sailor Brinkley-Cook,0.11162790697674421,0.1110698330046175,0.11140467738789353,0.22269773998136172,False
28,5,Sean Spicer,0.08837209302325581,0.0900942913968708,0.0890609723727018,0.1784663844201266,False
28,6,Ally Brooke,0.10964912280701751,0.1093828228978614,0.10955325483972131,0.2190319457048789,False
28,6,Hannah Brown,0.10526315789473684,0.1051491881818798,0.1052221287981083,0.21041234607661663,False
28,6,James Van Der Beek,0.11842105263157894,0.1183683355236075,0.11840207447270922,0.23678938815518644,False
28,6,Karamo Brown,0.10964912280701751,0.1093828228978614,0.10955325483972131,0.2190319457048789,False
28,6,Kate Flannery,0.11842105263157894,0.1183683355236075,0.11840207447270922,0.23678938815518644,False
28,6,Kel Mitchell,0.11403508771929824,0.1137869169699092,0.11394574624951817,0.22782200468920744,False
28,6,Lauren Alaina,0.11403508771929824,0.1137869169699092,0.11394574624951817,0.22782200468920744,False
28,6,Sailor Brinkley-Cook,0.11842105263157894,0.1183683298250055,0.1184020724212125,0.23678938245658443,True
28,6,Sean Spicer,0.09210526315789473,0.0934063312103581,0.09257364765678155,0.18551159436825282,False
28,7,Ally Brooke,0.13366336633663367,0.1335880044793268,0.13363925054229547,0.2672513708159605,False
28,7,Hannah Brown,0.12871287128712872,0.1284007856291258,0.12861300387656777,0.25711365691625454,False
28,7,James Van Der Beek,0.13366336633663367,0.1335880044793268,0.13363925054229547,0.2672513708159605,False
28,7,Karamo Brown,0.12128712871287128,0.1209951629587263,0.12119369967154489,0.2422822916715976,True
28,7,Kate Flannery,0.11881188118811879,0.1186227855436264,0.11875137058188123,0.23743466673174518,False
28,7,Kel Mitchell,0.12623762376237624,0.1258832046245733,0.1261242096382793,0.25212082838694955,False
28,7,Lauren Alaina,0.13366336633663367,0.1335880044793268,0.13363925054229547,0.2672513708159605,False
28,7,Sean Spicer,0.10396039603960397,0.1053340478059673,0.10439996460484023,0.20929444384557128,False
28,8,Ally Brooke,0.15544105882304177,0.1543846687612844,0.1551452696057497,0.30982572758432614,False
28,8,Hannah Brown,0.160621391176751,0.1600857587051999,0.16047141408471668,0.3207071498819509,False
28,8,James Van Der Beek,0.16580275980418568,0.1659985816330818,0.16585758991627658,0.33180134143726747,False
28,8,Kate Flannery,0.13471454803957736,0.1335347524029649,0.13438420526132586,0.26824930044254225,True
28,8,Kel Mitchell,0.1554400225493163,0.1543835488719152,0.15514420991964398,0.3098235714212315,False
28,8,Lauren Alaina,0.1243528470584334,0.1241921365534329,0.12430784811703327,0.2485449836118663,False
28,8,Sean Spicer,0.10362737254869453,0.1074205530721205,0.1046894630952538,0.21104792562081504,False
28,9,Ally Brooke,0.1918465227817746,0.1922145661452299,0.19193485318900388,0.3840610889270045,False
28,9,Hannah Brown,0.17026378896882494,0.1688677521928719,0.1699287401425962,0.33913154116169686,False
28,9,James Van Der Beek,0.1726618705035971,0.1713150683924531,0.17233863799692256,0.3439769388960502,False
28,9,Kel Mitchell,0.1774580335731415,0.1763166180109701,0.17718409383822037,0.3537746515841116,False
28,9,Lauren Alaina,0.16786570743405277,0.1664553970544334,0.1675272329429441,0.3343211044884862,False
28,9,Sean Spicer,0.11990407673860912,0.1248305982040414,0.12108644189031287,0.2447346749426505,True
28,10,Ally Brooke,0.21454545454545454,0.2148172241744586,0.21459980847125534,0.4293626787199131,False
28,10,Hannah Brown,0.1963636363636364,0.1961497612634654,0.19632086134360222,0.3925133976271018,False
28,10,James Van Der Beek,0.18545454545454546,0.1857372426450509,0.18551108489264653,0.37119178809959635,True
28,10,Kel Mitchell,0.20727272727272728,0.2071460106535595,0.20724738394889372,0.4144187379262868,False
28,10,Lauren Alaina,0.1963636363636364,0.1961497612634654,0.19632086134360222,0.3925133976271018,False
28,11,Ally Brooke,0.2564102564102564,0.2564463094135014,0.2564174670109054,0.5128565658237578,False
28,11,Hannah Brown,0.24786324786324787,0.247827090801284,0.2478560164508551,0.4956903386645319,False
28,11,Kel Mitchell,0.25213675213675213,0.252099866736724,0.2521293750567465,0.5042366188734762,False
28,11,Lauren Alaina,0.2435897435897436,0.2436267330484904,0.24359714148149297,0.487216476638234,True
