season,week,n_contestants,actual_method,actual_eliminated,rank_eliminated,pct_eliminated,methods_agree,rank_bottom_two,pct_bottom_two,rank_elim_judge_rank,rank_elim_vote_rank,pct_elim_judge_rank,pct_elim_vote_rank
1,2,6,rank,Trista Sutter,Evander Holyfield,Evander Holyfield,True,"['Evander Holyfield', 'Kelly Monaco']","['Evander Holyfield', 'Kelly Monaco']",6,6,6,6
1,3,5,rank,Evander Holyfield,Kelly Monaco,Kelly Monaco,True,"['Kelly Monaco', 'Joey McIntyre']","['Kelly Monaco', 'Joey McIntyre']",4,5,4,5
1,4,4,rank,Rachel Hunter,Joey McIntyre,Rachel Hunter,False,"['Joey McIntyre', 'Rachel Hunter']","['Rachel Hunter', 'Joey McIntyre']",4,3,2,4
2,1,10,rank,Kenny Mayne,Master P,Master P,True,"['Master P', 'George Hamilton']","['Master P', 'George Hamilton']",10,10,10,10
2,2,9,rank,Tatum O'Neal,Master P,Master P,True,"['Master P', 'Lisa Rinna']","['Master P', 'Lisa Rinna']",9,9,9,9
2,3,8,rank,Giselle Fernandez,Master P,Master P,True,"['Master P', 'Jerry Rice']","['Master P', 'Jerry Rice']",8,8,8,8
2,4,7,rank,Master P,George Hamilton,George Hamilton,True,"['George Hamilton', 'Jerry Rice']","['George Hamilton', 'Jerry Rice']",6,7,6,7
2,5,6,rank,Tia Carrere,Jerry Rice,Jerry Rice,True,"['Jerry Rice', 'George Hamilton']","['Jerry Rice', 'George Hamilton']",5,6,5,6
2,6,5,rank,George Hamilton,Jerry Rice,Jerry Rice,True,"['Jerry Rice', 'Lisa Rinna']","['Jerry Rice', 'Lisa Rinna']",4,5,4,5
2,7,4,rank,Lisa Rinna,Jerry Rice,Jerry Rice,True,"['Jerry Rice', 'Lisa Rinna']","['Jerry Rice', 'Lisa Rinna']",4,4,4,4
3,1,11,percentage,Tucker Carlson,Tucker Carlson,Tucker Carlson,True,"['Tucker Carlson', 'Sara Evans']","['Tucker Carlson', 'Sara Evans']",11,1,11,1
3,2,10,percentage,Shanna Moakler,Shanna Moakler,Shanna Moakler,True,"['Shanna Moakler', 'Jerry Springer']","['Shanna Moakler', 'Jerry Springer']",6,10,6,10
3,3,9,percentage,Harry Hamlin,Harry Hamlin,Harry Hamlin,True,"['Harry Hamlin', 'Jerry Springer']","['Harry Hamlin', 'Emmitt Smith']",4,9,4,9
3,4,8,percentage,Vivica A. Fox,Vivica A. Fox,Vivica A. Fox,True,"['Vivica A. Fox', 'Jerry Springer']","['Vivica A. Fox', 'Jerry Springer']",4,8,4,8
3,5,7,percentage,Willa Ford,Joey Lawrence,Willa Ford,False,"['Willa Ford', 'Joey Lawrence']","['Willa Ford', 'Joey Lawrence']",5,3,1,7
3,7,5,percentage,Jerry Springer,Jerry Springer,Jerry Springer,True,"['Jerry Springer', 'Monique Coleman']","['Jerry Springer', 'Monique Coleman']",5,1,5,1
3,8,4,percentage,Monique Coleman,Monique Coleman,Monique Coleman,True,"['Monique Coleman', 'Emmitt Smith']","['Monique Coleman', 'Joey Lawrence']",4,1,4,1
4,2,11,percentage,Paulina Porizkova,Paulina Porizkova,Paulina Porizkova,True,"['Paulina Porizkova', 'Shandi Finnessey']","['Paulina Porizkova', 'Clyde Drexler']",6,11,6,11
4,3,10,percentage,Shandi Finnessey,Shandi Finnessey,Shandi Finnessey,True,"['Shandi Finnessey', 'Clyde Drexler']","['Shandi Finnessey', 'Clyde Drexler']",6,10,6,10
4,4,9,percentage,Leeza Gibbons,Leeza Gibbons,Leeza Gibbons,True,"['Leeza Gibbons', 'Clyde Drexler']","['Leeza Gibbons', 'Clyde Drexler']",7,9,7,9
4,5,8,percentage,Clyde Drexler,Clyde Drexler,Clyde Drexler,True,"['Clyde Drexler', 'Billy Ray Cyrus']","['Clyde Drexler', 'Billy Ray Cyrus']",8,1,8,1
4,6,7,percentage,Heather Mills,Heather Mills,Heather Mills,True,"['Heather Mills', 'Billy Ray Cyrus']","['Heather Mills', 'Billy Ray Cyrus']",5,7,5,7
4,7,6,percentage,John Ratzenberger,John Ratzenberger,John Ratzenberger,True,"['John Ratzenberger', 'Billy Ray Cyrus']","['John Ratzenberger', 'Billy Ray Cyrus']",5,6,5,6
4,8,5,percentage,Billy Ray Cyrus,Billy Ray Cyrus,Billy Ray Cyrus,True,"['Billy Ray Cyrus', 'Ian Ziering']","['Billy Ray Cyrus', 'Ian Ziering']",5,1,5,1
4,9,4,percentage,Ian Ziering,Ian Ziering,Ian Ziering,True,"['Ian Ziering', 'Apolo Anton Ohno']","['Ian Ziering', 'Apolo Anton Ohno']",4,1,4,1
5,1,12,percentage,Josie Maran,Josie Maran,Josie Maran,True,"['Josie Maran', 'Floyd Mayweather Jr. ']","['Josie Maran', 'Floyd Mayweather Jr. ']",12,1,12,1
5,2,11,percentage,Albert Reed,Albert Reed,Albert Reed,True,"['Albert Reed', 'Wayne Newton']","['Albert Reed', 'Wayne Newton']",5,11,5,11
5,3,10,percentage,Wayne Newton,Wayne Newton,Wayne Newton,True,"['Wayne Newton', 'Mark Cuban']","['Wayne Newton', 'Mark Cuban']",10,1,10,1
5,4,9,percentage,Floyd Mayweather Jr. ,Floyd Mayweather Jr. ,Floyd Mayweather Jr. ,True,"['Floyd Mayweather Jr. ', 'Mark Cuban']","['Floyd Mayweather Jr. ', 'Mark Cuban']",8,9,8,9
5,5,8,percentage,Mark Cuban,Mark Cuban,Mark Cuban,True,"['Mark Cuban', 'Marie Osmond']","['Mark Cuban', 'Marie Osmond']",7,8,7,8
5,6,7,percentage,Sabrina Bryan,Sabrina Bryan,Sabrina Bryan,True,"['Sabrina Bryan', 'Jane Seymour']","['Sabrina Bryan', 'Jane Seymour']",4,7,4,7
5,7,6,percentage,Jane Seymour,Jane Seymour,Jane Seymour,True,"['Jane Seymour', 'Cameron Mathison']","['Jane Seymour', 'Cameron Mathison']",6,1,6,1
5,8,5,percentage,Cameron Mathison,Cameron Mathison,Cameron Mathison,True,"['Cameron Mathison', 'Marie Osmond']","['Cameron Mathison', 'Jennie Garth']",3,5,3,5
5,9,4,percentage,Jennie Garth,Jennie Garth,Jennie Garth,True,"['Jennie Garth', 'Marie Osmond']","['Jennie Garth', 'Marie Osmond']",3,4,3,4
6,2,12,percentage,"['Monica Seles', 'Penn Jillette']",Penn Jillette,Monica Seles,False,"['Penn Jillette', 'Monica Seles']","['Monica Seles', 'Steve Guttenberg']",10,12,12,1
6,3,10,percentage,Steve Guttenberg,Steve Guttenberg,Steve Guttenberg,True,"['Steve Guttenberg', 'Marissa Jaret Winokur']","['Steve Guttenberg', 'Marissa Jaret Winokur']",6,10,6,10
6,4,9,percentage,Adam Carolla,Adam Carolla,Adam Carolla,True,"['Adam Carolla', 'Priscilla Presley']","['Adam Carolla', 'Priscilla Presley']",9,1,9,1
6,5,8,percentage,Priscilla Presley,Priscilla Presley,Priscilla Presley,True,"['Priscilla Presley', 'Marlee Matlin']","['Priscilla Presley', 'Marlee Matlin']",8,1,8,1
6,6,7,percentage,Marlee Matlin,Marlee Matlin,Marlee Matlin,True,"['Marlee Matlin', 'Shannon Elizabeth']","['Marlee Matlin', 'Shannon Elizabeth']",7,1,7,1
6,7,6,percentage,Shannon Elizabeth,Shannon Elizabeth,Shannon Elizabeth,True,"['Shannon Elizabeth', 'Cristian de la Fuente']","['Shannon Elizabeth', 'Cristian de la Fuente']",4,6,4,6
6,8,5,percentage,Mario,Mario,Mario,True,"['Mario', 'Jason Taylor']","['Mario', 'Marissa Jaret Winokur']",3,5,3,5
6,9,4,percentage,Marissa Jaret Winokur,Marissa Jaret Winokur,Marissa Jaret Winokur,True,"['Marissa Jaret Winokur', 'Jason Taylor']","['Marissa Jaret Winokur', 'Jason Taylor']",4,1,4,1
7,1,13,percentage,"['Ted McGinley', 'Jeffrey Ross']",Ted McGinley,Jeffrey Ross,False,"['Ted McGinley', 'Jeffrey Ross']","['Jeffrey Ross', 'Cloris Leachman']",8,13,13,1
7,2,11,percentage,Kim Kardashian,Kim Kardashian,Kim Kardashian,True,"['Kim Kardashian', 'Rocco DiSpirito']","['Kim Kardashian', 'Cloris Leachman']",9,11,9,11
7,4,9,percentage,Rocco DiSpirito,Rocco DiSpirito,Rocco DiSpirito,True,"['Rocco DiSpirito', 'Maurice Greene']","['Rocco DiSpirito', 'Maurice Greene']",9,1,9,1
7,5,8,percentage,Toni Braxton,Toni Braxton,Toni Braxton,True,"['Toni Braxton', 'Lance Bass']","['Toni Braxton', 'Cloris Leachman']",5,8,5,8
7,6,7,percentage,Cloris Leachman,Cloris Leachman,Cloris Leachman,True,"['Cloris Leachman', 'Maurice Greene']","['Cloris Leachman', 'Maurice Greene']",7,1,7,1
7,7,6,percentage,Susan Lucci,Susan Lucci,Susan Lucci,True,"['Susan Lucci', 'Warren Sapp']","['Susan Lucci', 'Cody Linley']",4,6,4,6
7,8,5,percentage,Maurice Greene,Maurice Greene,Maurice Greene,True,"['Maurice Greene', 'Cody Linley']","['Maurice Greene', 'Cody Linley']",4,5,4,5
7,9,4,percentage,Cody Linley,Cody Linley,Cody Linley,True,"['Cody Linley', 'Brooke Burke']","['Cody Linley', 'Warren Sapp']",4,1,4,1
8,2,13,percentage,Belinda Carlisle,Belinda Carlisle,Belinda Carlisle,True,"['Belinda Carlisle', 'Steve-O']","['Belinda Carlisle', 'Steve-O']",9,13,9,13
8,3,12,percentage,Denise Richards,Denise Richards,Denise Richards,True,"['Denise Richards', 'Steve-O']","['Denise Richards', 'Steve Wozniak']",10,12,10,12
8,4,11,percentage,"['Steve Wozniak', 'Holly Madison']",Holly Madison,Steve Wozniak,False,"['Holly Madison', 'Steve-O']","['Steve Wozniak', 'Holly Madison']",9,11,11,1
8,5,9,percentage,David Alan Grier,David Alan Grier,David Alan Grier,True,"['David Alan Grier', 'Ty Murray']","['David Alan Grier', 'Steve-O']",6,9,6,9
8,6,8,percentage,Steve-O,Steve-O,Steve-O,True,"['Steve-O', 'Ty Murray']","['Steve-O', 'Ty Murray']",8,1,8,1
8,7,7,percentage,Lawrence Taylor,Lawrence Taylor,Lawrence Taylor,True,"['Lawrence Taylor', 'Ty Murray']","['Lawrence Taylor', 'Ty Murray']",7,1,7,1
8,8,6,percentage,Chuck Wicks,Chuck Wicks,Chuck Wicks,True,"['Chuck Wicks', 'Melissa Rycroft']","['Chuck Wicks', 'Melissa Rycroft']",5,6,5,6
8,9,5,percentage,Lil' Kim,Lil' Kim,Lil' Kim,True,"[""Lil' Kim"", 'Ty Murray']","[""Lil' Kim"", 'Ty Murray']",4,5,4,5
8,10,4,percentage,Ty Murray,Ty Murray,Ty Murray,True,"['Ty Murray', 'Melissa Rycroft']","['Ty Murray', 'Melissa Rycroft']",4,1,4,1
9,1,16,percentage,"['Ashley Hamiliton', 'Macy Gray']",Ashley Hamiliton,Ashley Hamiliton,True,"['Macy Gray', 'Ashley Hamiliton']","['Ashley Hamiliton', 'Macy Gray']",15,15,15,15
9,2,14,percentage,Kathy Ireland,Kathy Ireland,Kathy Ireland,True,"['Kathy Ireland', 'Tom DeLay']","['Kathy Ireland', 'Tom DeLay']",13,14,13,14
9,3,13,percentage,Debi Mazar,Debi Mazar,Debi Mazar,True,"['Debi Mazar', 'Michael Irvin']","['Debi Mazar', 'Tom DeLay']",10,13,10,13
9,4,11,percentage,Chuck Liddell,Chuck Liddell,Chuck Liddell,True,"['Chuck Liddell', 'Aaron Carter']","['Chuck Liddell', 'Louie Vito']",9,11,9,11
9,5,10,percentage,Natalie Coughlin,Natalie Coughlin,Natalie Coughlin,True,"['Natalie Coughlin', 'Michael Irvin']","['Natalie Coughlin', 'Michael Irvin']",8,10,8,10
9,6,9,percentage,"['Melissa Joan Hart', 'Louie Vito']",Melissa Joan Hart,Michael Irvin,False,"['Melissa Joan Hart', 'Louie Vito']","['Michael Irvin', 'Melissa Joan Hart']",8,8,9,1
9,7,7,percentage,"['Mark Dacascos', 'Michael Irvin']",Michael Irvin,Mark Dacascos,False,"['Michael Irvin', 'Mark Dacascos']","['Mark Dacascos', 'Michael Irvin']",6,7,7,1
9,8,5,percentage,Aaron Carter,Aaron Carter,Aaron Carter,True,"['Aaron Carter', 'Kelly Osbourne']","['Aaron Carter', 'Donny Osmond']",4,5,4,5
9,9,4,percentage,Joanna Krupa,Joanna Krupa,Joanna Krupa,True,"['Joanna Krupa', 'Kelly Osbourne']","['Joanna Krupa', 'Donny Osmond']",2,4,2,4
10,2,11,percentage,Shannen Doherty,Shannen Doherty,Shannen Doherty,True,"['Shannen Doherty', 'Chad Ochocinco']","['Shannen Doherty', 'Kate Gosselin']",6,11,6,11
10,3,10,percentage,Buzz Aldrin,Buzz Aldrin,Buzz Aldrin,True,"['Buzz Aldrin', 'Kate Gosselin']","['Buzz Aldrin', 'Kate Gosselin']",10,1,10,1
10,4,9,percentage,Aiden Turner,Aiden Turner,Aiden Turner,True,"['Aiden Turner', 'Kate Gosselin']","['Aiden Turner', 'Kate Gosselin']",8,9,8,9
10,5,8,percentage,Kate Gosselin,Kate Gosselin,Kate Gosselin,True,"['Kate Gosselin', 'Niecy Nash']","['Kate Gosselin', 'Niecy Nash']",8,1,8,1
10,6,7,percentage,Jake Pavelka,Jake Pavelka,Jake Pavelka,True,"['Jake Pavelka', 'Niecy Nash']","['Jake Pavelka', 'Niecy Nash']",7,1,7,1
10,7,6,percentage,Pamela Anderson,Pamela Anderson,Pamela Anderson,True,"['Pamela Anderson', 'Niecy Nash']","['Pamela Anderson', 'Niecy Nash']",4,6,4,6
10,8,5,percentage,Niecy Nash,Niecy Nash,Niecy Nash,True,"['Niecy Nash', 'Chad Ochocinco']","['Niecy Nash', 'Chad Ochocinco']",5,1,5,1
10,9,4,percentage,Chad Ochocinco,Chad Ochocinco,Chad Ochocinco,True,"['Chad Ochocinco', 'Erin Andrews']","['Chad Ochocinco', 'Erin Andrews']",4,1,4,1
11,1,12,percentage,David Hasselhoff,David Hasselhoff,David Hasselhoff,True,"['David Hasselhoff', 'Michael Bolton']","['David Hasselhoff', 'Margaret Cho']",10,12,10,12
11,2,11,percentage,Michael Bolton,Michael Bolton,Michael Bolton,True,"['Michael Bolton', 'Margaret Cho']","['Michael Bolton', 'Margaret Cho']",11,1,11,1
11,3,10,percentage,Margaret Cho,Margaret Cho,Margaret Cho,True,"['Margaret Cho', 'Bristol Palin']","['Margaret Cho', 'Bristol Palin']",10,1,10,1
11,4,9,percentage,The Situation,The Situation,The Situation,True,"['The Situation', 'Bristol Palin']","['The Situation', 'Bristol Palin']",9,1,9,1
11,5,8,percentage,Florence Henderson,Florence Henderson,Florence Henderson,True,"['Florence Henderson', 'Bristol Palin']","['Florence Henderson', 'Bristol Palin']",6,8,6,8
11,6,7,percentage,Audrina Patridge,Audrina Patridge,Audrina Patridge,True,"['Audrina Patridge', 'Bristol Palin']","['Audrina Patridge', 'Kurt Warner']",2,7,2,7
11,7,6,percentage,Rick Fox,Rick Fox,Rick Fox,True,"['Rick Fox', 'Bristol Palin']","['Rick Fox', 'Bristol Palin']",4,6,4,6
11,8,5,percentage,Kurt Warner,Kurt Warner,Kurt Warner,True,"['Kurt Warner', 'Bristol Palin']","['Kurt Warner', 'Bristol Palin']",4,5,4,5
11,9,4,percentage,Brandy,Brandy,Brandy,True,"['Brandy', 'Bristol Palin']","['Brandy', 'Bristol Palin']",3,4,3,4
12,2,11,percentage,Mike Catherwood,Mike Catherwood,Mike Catherwood,True,"['Mike Catherwood', 'Petra Nemcova']","['Mike Catherwood', 'Sugar Ray Leonard']",9,11,9,11
12,3,10,percentage,Wendy Williams,Wendy Williams,Wendy Williams,True,"['Wendy Williams', 'Romeo']","['Wendy Williams', 'Romeo']",10,1,10,1
12,4,9,percentage,Sugar Ray Leonard,Sugar Ray Leonard,Sugar Ray Leonard,True,"['Sugar Ray Leonard', 'Kendra Wilkinson']","['Sugar Ray Leonard', 'Kendra Wilkinson']",8,9,8,9
12,5,8,percentage,Petra Nemcova,Petra Nemcova,Petra Nemcova,True,"['Petra Nemcova', 'Kirstie Alley']","['Petra Nemcova', 'Ralph Macchio']",6,8,6,8
12,6,7,percentage,Chris Jericho,Chris Jericho,Chris Jericho,True,"['Chris Jericho', 'Ralph Macchio']","['Chris Jericho', 'Ralph Macchio']",7,1,7,1
12,7,6,percentage,Kendra Wilkinson,Kendra Wilkinson,Kendra Wilkinson,True,"['Kendra Wilkinson', 'Romeo']","['Kendra Wilkinson', 'Kirstie Alley']",4,6,4,6
12,8,5,percentage,Romeo,Romeo,Romeo,True,"['Romeo', 'Ralph Macchio']","['Romeo', 'Ralph Macchio']",4,5,4,5
12,9,4,percentage,Ralph Macchio,Ralph Macchio,Ralph Macchio,True,"['Ralph Macchio', 'Kirstie Alley']","['Ralph Macchio', 'Kirstie Alley']",4,1,4,1
13,1,12,percentage,Metta World Peace (Ron),Metta World Peace (Ron),Metta World Peace (Ron),True,"['Metta World Peace (Ron)', 'Elisabetta Canalis']","['Metta World Peace (Ron)', 'Elisabetta Canalis']",12,1,12,1
13,2,11,percentage,Elisabetta Canalis,Elisabetta Canalis,Elisabetta Canalis,True,"['Elisabetta Canalis', 'Hope Solo']","['Elisabetta Canalis', 'Chaz Bono']",4,11,4,11
13,3,10,percentage,Kristin Cavallari,Kristin Cavallari,Kristin Cavallari,True,"['Kristin Cavallari', 'Nancy Grace']","['Kristin Cavallari', 'Nancy Grace']",4,10,4,10
13,4,9,percentage,Chynna Phillips,Chynna Phillips,Chynna Phillips,True,"['Chynna Phillips', 'Carson Kressley']","['Chynna Phillips', 'Carson Kressley']",6,9,6,9
13,5,8,percentage,Carson Kressley,Carson Kressley,Carson Kressley,True,"['Carson Kressley', 'Chaz Bono']","['Carson Kressley', 'Chaz Bono']",8,1,8,1
13,6,7,percentage,Chaz Bono,Chaz Bono,Chaz Bono,True,"['Chaz Bono', 'Hope Solo']","['Chaz Bono', 'Hope Solo']",7,1,7,1
13,7,6,percentage,David Arquette,David Arquette,David Arquette,True,"['David Arquette', 'Nancy Grace']","['David Arquette', 'Nancy Grace']",5,6,5,6
13,8,5,percentage,Nancy Grace,Nancy Grace,Nancy Grace,True,"['Nancy Grace', 'Rob Kardashian']","['Nancy Grace', 'Rob Kardashian']",5,1,5,1
13,9,4,percentage,Hope Solo,Hope Solo,Hope Solo,True,"['Hope Solo', 'J.R. Martinez']","['Hope Solo', 'J.R. Martinez']",4,1,4,1
14,2,12,percentage,Martina Navratilova,Martina Navratilova,Martina Navratilova,True,"['Martina Navratilova', 'Gladys Knight']","['Martina Navratilova', 'Gladys Knight']",12,1,12,1
14,3,11,percentage,Jack Wagner,Jack Wagner,Jack Wagner,True,"['Jack Wagner', 'Roshon Fegan']","['Jack Wagner', 'Sherri Sheperd']",7,11,7,11
14,4,10,percentage,Sherri Sheperd,Sherri Sheperd,Sherri Sheperd,True,"['Sherri Sheperd', 'Gladys Knight']","['Sherri Sheperd', 'Gladys Knight']",9,10,9,10
14,5,9,percentage,Gavin DeGraw,Gavin DeGraw,Gavin DeGraw,True,"['Gavin DeGraw', 'Melissa Gilbert']","['Gavin DeGraw', 'Melissa Gilbert']",9,1,9,1
14,6,8,percentage,Gladys Knight,Gladys Knight,Gladys Knight,True,"['Gladys Knight', 'Roshon Fegan']","['Gladys Knight', 'Roshon Fegan']",8,1,8,1
14,7,7,percentage,Jaleel White,Jaleel White,Jaleel White,True,"['Jaleel White', 'Melissa Gilbert']","['Jaleel White', 'Melissa Gilbert']",6,7,6,7
14,8,6,percentage,"['Roshon Fegan', 'Melissa Gilbert']",Roshon Fegan,Melissa Gilbert,False,"['Roshon Fegan', 'Maria Menounos']","['Melissa Gilbert', 'Maria Menounos']",2,6,6,1
14,9,4,percentage,Maria Menounos,William Levy,Maria Menounos,False,"['Maria Menounos', 'Katherine Jenkins']","['Maria Menounos', 'Donald Driver']",2,3,1,4
15,1,13,percentage,Pamela Anderson,Pamela Anderson,Pamela Anderson,True,"['Pamela Anderson', 'Kirstie Alley']","['Pamela Anderson', 'Kirstie Alley']",13,1,13,1
15,2,12,percentage,Joey Fatone,Joey Fatone,Joey Fatone,True,"['Joey Fatone', 'Bristol Palin']","['Joey Fatone', 'Bristol Palin']",7,12,7,12
15,3,11,percentage,"['Helio Castroneves', 'Drew Lachey']",Drew Lachey,Drew Lachey,True,"['Drew Lachey', 'Helio Castroneves']","['Drew Lachey', 'Bristol Palin']",9,10,9,10
15,4,9,percentage,Bristol Palin,Bristol Palin,Bristol Palin,True,"['Bristol Palin', 'Kirstie Alley']","['Bristol Palin', 'Kirstie Alley']",8,9,8,9
15,6,8,percentage,Sabrina Bryan,Sabrina Bryan,Sabrina Bryan,True,"['Shawn Johnson', 'Emmitt Smith']","['Sabrina Bryan', 'Kelly Monaco']",1,8,1,8
15,8,7,percentage,"['Gilles Marini', 'Kirstie Alley']",Gilles Marini,Kirstie Alley,False,"['Gilles Marini', 'Kirstie Alley']","['Kirstie Alley', 'Shawn Johnson']",2,7,7,1
15,9,5,percentage,"['Apolo Anton Ohno', 'Emmitt Smith']",Apolo Anton Ohno,Emmitt Smith,False,"['Apolo Anton Ohno', 'Kelly Monaco']","['Emmitt Smith', 'Kelly Monaco']",3,5,5,1
16,3,11,percentage,Wynonna Judd,Wynonna Judd,Wynonna Judd,True,"['Wynonna Judd', 'D. L. Hughley']","['Wynonna Judd', 'D. L. Hughley']",11,1,11,1
16,4,10,percentage,Lisa Vanderpump,Lisa Vanderpump,Lisa Vanderpump,True,"['Lisa Vanderpump', 'Sean Lowe']","['Lisa Vanderpump', 'Victor Ortiz']",9,10,9,10
16,5,9,percentage,D. L. Hughley,D. L. Hughley,D. L. Hughley,True,"['D. L. Hughley', 'Andy Dick']","['D. L. Hughley', 'Andy Dick']",8,9,8,9
16,6,8,percentage,Victor Ortiz,Victor Ortiz,Victor Ortiz,True,"['Victor Ortiz', 'Andy Dick']","['Victor Ortiz', 'Andy Dick']",8,1,8,1
16,7,7,percentage,Andy Dick,Andy Dick,Andy Dick,True,"['Andy Dick', 'Sean Lowe']","['Andy Dick', 'Sean Lowe']",7,1,7,1
16,8,6,percentage,Sean Lowe,Sean Lowe,Sean Lowe,True,"['Sean Lowe', 'Ingo Rademacher']","['Sean Lowe', 'Ingo Rademacher']",6,1,6,1
16,9,5,percentage,Ingo Rademacher,Ingo Rademacher,Ingo Rademacher,True,"['Ingo Rademacher', 'Zendaya']","['Ingo Rademacher', 'Zendaya']",5,1,5,1
16,10,4,percentage,Alexandra Raisman,Alexandra Raisman,Alexandra Raisman,True,"['Alexandra Raisman', 'Jacoby Jones']","['Alexandra Raisman', 'Jacoby Jones']",3,4,3,4
17,2,12,percentage,Keyshawn Johnson,Keyshawn Johnson,Keyshawn Johnson,True,"['Keyshawn Johnson', 'Bill Nye']","['Keyshawn Johnson', 'Bill Nye']",11,12,11,12
17,3,11,percentage,Bill Nye,Bill Nye,Bill Nye,True,"['Bill Nye', 'Jack Osbourne']","['Bill Nye', 'Valerie Harper']",10,11,10,11
17,4,10,percentage,Valerie Harper,Valerie Harper,Valerie Harper,True,"['Valerie Harper', 'Bill Engvall']","['Valerie Harper', 'Brant Daugherty']",10,1,10,1
17,5,9,percentage,Christina Milian,Leah Remini,Christina Milian,False,"['Christina Milian', 'Leah Remini']","['Christina Milian', 'Leah Remini']",9,1,1,9
17,7,8,percentage,"Nicole ""Snooki"" Polizzi","Nicole ""Snooki"" Polizzi","Nicole ""Snooki"" Polizzi",True,"['Nicole ""Snooki"" Polizzi', 'Bill Engvall']","['Nicole ""Snooki"" Polizzi', 'Bill Engvall']",5,8,5,8
17,8,7,percentage,Brant Daugherty,Brant Daugherty,Brant Daugherty,True,"['Brant Daugherty', 'Elizabeth Berkley Lauren']","['Brant Daugherty', 'Elizabeth Berkley Lauren']",5,7,5,7
17,9,6,percentage,Elizabeth Berkley Lauren,Elizabeth Berkley Lauren,Elizabeth Berkley Lauren,True,"['Elizabeth Berkley Lauren', 'Bill Engvall']","['Elizabeth Berkley Lauren', 'Bill Engvall']",2,6,2,6
17,10,5,percentage,Leah Remini,Leah Remini,Leah Remini,True,"['Leah Remini', 'Bill Engvall']","['Leah Remini', 'Bill Engvall']",4,5,4,5
17,11,4,percentage,Bill Engvall,Bill Engvall,Bill Engvall,True,"['Bill Engvall', 'Jack Osbourne']","['Bill Engvall', 'Jack Osbourne']",4,1,4,1
18,2,11,percentage,Sean Avery,Sean Avery,Sean Avery,True,"['Sean Avery', 'Billy Dee Williams']","['Sean Avery', 'Billy Dee Williams']",7,11,7,11
18,5,9,percentage,Cody Simpson,Cody Simpson,Cody Simpson,True,"['Cody Simpson', 'Drew Carey']","['Cody Simpson', 'Drew Carey']",8,9,8,9
18,6,8,percentage,Drew Carey,Drew Carey,Drew Carey,True,"['Drew Carey', 'NeNe Leakes']","['Drew Carey', 'Candace Cameron Bure']",7,8,7,8
18,7,7,percentage,NeNe Leakes,NeNe Leakes,NeNe Leakes,True,"['NeNe Leakes', 'James Maslow']","['NeNe Leakes', 'James Maslow']",7,1,7,1
18,8,6,percentage,Danica McKellar,Danica McKellar,Danica McKellar,True,"['Danica McKellar', 'Meryl Davis']","['Danica McKellar', 'James Maslow']",3,6,3,6
18,9,5,percentage,Charlie White,Charlie White,Charlie White,True,"['Charlie White', 'Candace Cameron Bure']","['Charlie White', 'Candace Cameron Bure']",3,5,3,5
18,10,4,percentage,James Maslow,James Maslow,James Maslow,True,"['James Maslow', 'Candace Cameron Bure']","['James Maslow', 'Candace Cameron Bure']",3,4,3,4
19,1,13,percentage,Lolo Jones,Lolo Jones,Lolo Jones,True,"['Lolo Jones', 'Betsey Johnson']","['Lolo Jones', 'Betsey Johnson']",12,13,12,13
19,2,12,percentage,Tavis Smiley,Tavis Smiley,Tavis Smiley,True,"['Tavis Smiley', 'Michael Waltrip']","['Tavis Smiley', 'Michael Waltrip']",8,12,8,12
19,3,11,percentage,Randy Couture,Randy Couture,Randy Couture,True,"['Randy Couture', 'Michael Waltrip']","['Randy Couture', 'Michael Waltrip']",11,1,11,1
19,4,10,percentage,Betsey Johnson,Betsey Johnson,Betsey Johnson,True,"['Betsey Johnson', 'Michael Waltrip']","['Betsey Johnson', 'Jonathan Bennett']",6,10,6,10
19,6,9,percentage,Jonathan Bennett,Jonathan Bennett,Jonathan Bennett,True,"['Jonathan Bennett', 'Michael Waltrip']","['Jonathan Bennett', 'Antonio Sabato Jr.']",5,9,5,9
19,7,8,percentage,Antonio Sabato Jr.,Antonio Sabato Jr.,Antonio Sabato Jr.,True,"['Antonio Sabato Jr.', 'Michael Waltrip']","['Antonio Sabato Jr.', 'Michael Waltrip']",7,8,7,8
19,8,7,percentage,Michael Waltrip,Michael Waltrip,Michael Waltrip,True,"['Michael Waltrip', 'Tommy Chong']","['Michael Waltrip', 'Tommy Chong']",7,1,7,1
19,9,6,percentage,Lea Thompson,Lea Thompson,Lea Thompson,True,"['Lea Thompson', 'Tommy Chong']","['Lea Thompson', 'Tommy Chong']",5,6,5,6
19,10,5,percentage,Tommy Chong,Tommy Chong,Tommy Chong,True,"['Tommy Chong', 'Sadie Robertson']","['Tommy Chong', 'Sadie Robertson']",5,1,5,1
19,11,4,percentage,Bethany Mota,Bethany Mota,Bethany Mota,True,"['Bethany Mota', 'Janel Parrish']","['Bethany Mota', 'Janel Parrish']",4,1,4,1
20,2,12,percentage,Redfoo,Redfoo,Redfoo,True,"['Redfoo', 'Chris Soules']","['Redfoo', 'Charlotte McKinney']",5,12,5,12
20,3,11,percentage,Charlotte McKinney,Charlotte McKinney,Charlotte McKinney,True,"['Charlotte McKinney', 'Michael Sam']","['Charlotte McKinney', 'Patti LaBelle']",10,11,10,11
20,4,10,percentage,Michael Sam,Michael Sam,Michael Sam,True,"['Michael Sam', 'Chris Soules']","['Michael Sam', 'Suzanne Somers']",7,10,7,10
20,5,9,percentage,Suzanne Somers,Suzanne Somers,Suzanne Somers,True,"['Suzanne Somers', 'Robert Herjavec']","['Suzanne Somers', 'Robert Herjavec']",5,9,5,9
20,6,8,percentage,Patti LaBelle,Patti LaBelle,Patti LaBelle,True,"['Patti LaBelle', 'Robert Herjavec']","['Patti LaBelle', 'Robert Herjavec']",6,8,6,8
20,7,7,percentage,Willow Shields,Willow Shields,Willow Shields,True,"['Willow Shields', 'Robert Herjavec']","['Willow Shields', 'Robert Herjavec']",2,7,2,7
20,8,6,percentage,"['Robert Herjavec', 'Chris Soules']",Chris Soules,Robert Herjavec,False,"['Chris Soules', 'Noah Galloway']","['Robert Herjavec', 'Noah Galloway']",4,6,6,1
20,9,4,percentage,Nastia Liukin,Rumer Willis,Nastia Liukin,False,"['Noah Galloway', 'Nastia Liukin']","['Nastia Liukin', 'Noah Galloway']",3,2,1,4
21,2,13,percentage,"['Victor Espinoza', 'Chaka Khan']",Victor Espinoza,Chaka Khan,False,"['Victor Espinoza', 'Chaka Khan']","['Chaka Khan', 'Gary Busey']",9,13,13,1
21,4,10,percentage,Gary Busey,Gary Busey,Gary Busey,True,"['Gary Busey', 'Paula Deen']","['Gary Busey', 'Paula Deen']",10,1,10,1
21,6,9,percentage,Paula Deen,Paula Deen,Paula Deen,True,"['Paula Deen', 'Alexa PenaVega']","['Paula Deen', 'Alexa PenaVega']",9,1,9,1
21,7,8,percentage,Hayes Grier,Hayes Grier,Hayes Grier,True,"['Hayes Grier', 'Alek Skarlatos']","['Hayes Grier', 'Alek Skarlatos']",2,8,2,8
21,8,7,percentage,Andy Grammer,Andy Grammer,Andy Grammer,True,"['Andy Grammer', 'Alek Skarlatos']","['Andy Grammer', 'Alek Skarlatos']",7,1,7,1
21,9,6,percentage,Alexa PenaVega,Alexa PenaVega,Alexa PenaVega,True,"['Alek Skarlatos', 'Tamar Braxton']","['Alexa PenaVega', 'Alek Skarlatos']",1,6,1,6
21,11,4,percentage,Carlos PenaVega,Carlos PenaVega,Carlos PenaVega,True,"['Carlos PenaVega', 'Alek Skarlatos']","['Carlos PenaVega', 'Alek Skarlatos']",1,4,1,4
22,2,12,percentage,Geraldo Rivera,Geraldo Rivera,Geraldo Rivera,True,"['Geraldo Rivera', 'Mischa Barton']","['Geraldo Rivera', 'Mischa Barton']",12,1,12,1
22,3,11,percentage,Mischa Barton,Mischa Barton,Mischa Barton,True,"['Mischa Barton', 'Von Miller']","['Mischa Barton', 'Doug Flutie']",11,1,11,1
22,4,10,percentage,Marla Maples,Marla Maples,Marla Maples,True,"['Marla Maples', 'Jodie Sweetin']","['Marla Maples', 'Doug Flutie']",8,10,8,10
22,6,9,percentage,Doug Flutie,Doug Flutie,Doug Flutie,True,"['Doug Flutie', 'Von Miller']","['Doug Flutie', 'Kim Fields']",9,1,9,1
22,7,8,percentage,"['Kim Fields', 'Von Miller']",Kim Fields,Kim Fields,True,"['Kim Fields', 'Von Miller']","['Kim Fields', 'Von Miller']",5,7,5,7
22,8,6,percentage,Jodie Sweetin,Jodie Sweetin,Jodie Sweetin,True,"['Wanya Morris', 'Paige VanZant']","['Jodie Sweetin', 'Wanya Morris']",1,6,1,6
22,9,5,percentage,"['Antonio Brown', 'Wanya Morris']",Antonio Brown,Antonio Brown,True,"['Wanya Morris', 'Ginger Zee']","['Antonio Brown', 'Ginger Zee']",5,1,5,1
23,2,13,percentage,Jake T. Austin,Jake T. Austin,Jake T. Austin,True,"['Jake T. Austin', 'Rick Perry']","['Jake T. Austin', 'Rick Perry']",10,13,10,13
23,3,12,percentage,Rick Perry,Rick Perry,Rick Perry,True,"['Rick Perry', 'Vanilla Ice']","['Rick Perry', 'Vanilla Ice']",11,12,11,12
23,4,11,percentage,"['Babyface', 'Vanilla Ice']",Vanilla Ice,Babyface,False,"['Vanilla Ice', 'Marilu Henner']","['Babyface', 'Marilu Henner']",6,11,11,1
23,6,9,percentage,Amber Rose,Amber Rose,Amber Rose,True,"['Amber Rose', 'Terra Jole']","['Amber Rose', 'Ryan Lochte']",9,1,9,1
23,7,8,percentage,Maureen McCormick,Maureen McCormick,Maureen McCormick,True,"['Maureen McCormick', 'Marilu Henner']","['Maureen McCormick', 'Marilu Henner']",6,8,6,8
23,8,7,percentage,Ryan Lochte,Ryan Lochte,Ryan Lochte,True,"['Ryan Lochte', 'Marilu Henner']","['Ryan Lochte', 'Marilu Henner']",5,7,5,7
23,9,6,percentage,Marilu Henner,Marilu Henner,Marilu Henner,True,"['Marilu Henner', 'James Hinchcliffe']","['Marilu Henner', 'James Hinchcliffe']",5,6,5,6
23,10,5,percentage,Terra Jole,Calvin Johnson Jr.,Terra Jole,False,"['Terra Jole', 'Jana Kramer']","['Terra Jole', 'Calvin Johnson Jr.']",5,1,1,5
23,11,4,percentage,Jana Kramer,Jana Kramer,Jana Kramer,True,"['Jana Kramer', 'Calvin Johnson Jr.']","['Jana Kramer', 'Calvin Johnson Jr.']",4,1,4,1
24,2,12,percentage,Chris Kattan,Chris Kattan,Chris Kattan,True,"['Chris Kattan', 'Mr. T']","['Chris Kattan', 'Mr. T']",11,12,11,12
24,3,11,percentage,Charo,Charo,Charo,True,"['Charo', 'Erika Jayne']","['Charo', 'Mr. T']",9,11,9,11
24,4,10,percentage,Mr. T,Mr. T,Mr. T,True,"['Mr. T', 'Nick Viall']","['Mr. T', 'Erika Jayne']",10,1,10,1
24,5,9,percentage,Erika Jayne,Erika Jayne,Erika Jayne,True,"['Erika Jayne', 'Bonner Bolton']","['Erika Jayne', 'David Ross']",6,9,6,9
24,6,8,percentage,Heather Morris,Heather Morris,Heather Morris,True,"['Nick Viall', 'David Ross']","['Heather Morris', 'Bonner Bolton']",1,8,1,8
24,7,7,percentage,"['Nancy Kerrigan', 'Nick Viall']",Nancy Kerrigan,Bonner Bolton,False,"['Nick Viall', 'Nancy Kerrigan']","['Bonner Bolton', 'David Ross']",4,7,7,1
24,8,5,percentage,Bonner Bolton,Bonner Bolton,Bonner Bolton,True,"['Bonner Bolton', 'David Ross']","['Bonner Bolton', 'David Ross']",5,1,5,1
24,9,4,percentage,Simone Biles,Simone Biles,Simone Biles,True,"['Normani', 'David Ross']","['Simone Biles', 'David Ross']",1,4,1,4
25,2,13,percentage,"['Barbara Corcoran', 'Debbie Gibson']",Debbie Gibson,Barbara Corcoran,False,"['Debbie Gibson', 'Barbara Corcoran']","['Barbara Corcoran', 'Derek Fisher']",7,13,13,1
25,4,11,percentage,Derek Fisher,Derek Fisher,Derek Fisher,True,"['Derek Fisher', 'Nick Lachey']","['Derek Fisher', 'Nick Lachey']",10,11,10,11
25,5,10,percentage,Sasha Pieterse,Sasha Pieterse,Sasha Pieterse,True,"['Sasha Pieterse', 'Nick Lachey']","['Sasha Pieterse', 'Nick Lachey']",8,10,8,10
25,6,9,percentage,Nick Lachey,Nick Lachey,Nick Lachey,True,"['Nick Lachey', 'Drew Scott']","['Nick Lachey', 'Drew Scott']",9,1,9,1
25,7,8,percentage,"['Nikki Bella', 'Vanessa Lachey']",Vanessa Lachey,Nikki Bella,False,"['Vanessa Lachey', 'Lindsey Stirling']","['Nikki Bella', 'Terrell Owens']",4,8,8,1
25,8,6,percentage,Terrell Owens,Terrell Owens,Terrell Owens,True,"['Terrell Owens', 'Drew Scott']","['Terrell Owens', 'Victoria Arlen']",4,6,4,6
25,9,5,percentage,Victoria Arlen,Victoria Arlen,Victoria Arlen,True,"['Victoria Arlen', 'Drew Scott']","['Victoria Arlen', 'Frankie Muniz']",3,5,3,5
25,10,4,percentage,Drew Scott,Drew Scott,Drew Scott,True,"['Drew Scott', 'Frankie Muniz']","['Drew Scott', 'Frankie Muniz']",4,1,4,1
26,1,10,percentage,"['Jamie Anderson', 'Johnny Damon']",Jamie Anderson,Johnny Damon,False,"['Jamie Anderson', 'Johnny Damon']","['Johnny Damon', 'Kareem Abdul-Jabbar']",8,10,9,9
26,2,8,percentage,"['Kareem Abdul-Jabbar', 'Arike Ogunbowale']",Arike Ogunbowale,Kareem Abdul-Jabbar,False,"['Arike Ogunbowale', 'Kareem Abdul-Jabbar']","['Kareem Abdul-Jabbar', 'Jennie Finch Daigle']",3,8,8,1
26,3,6,percentage,"['Jennie Finch Daigle', 'Chris Mazdzer', 'Mirai Nagasu']",Chris Mazdzer,Jennie Finch Daigle,False,"['Chris Mazdzer', 'Mirai Nagasu']","['Jennie Finch Daigle', 'Chris Mazdzer']",5,5,6,1
27,1,13,percentage,Nikki Glaser,Nikki Glaser,Nikki Glaser,True,"['Nikki Glaser', 'Joe Amabile']","['Nikki Glaser', 'Joe Amabile']",12,13,12,13
27,2,12,percentage,Danelle Umstead,Danelle Umstead,Danelle Umstead,True,"['Danelle Umstead', 'Joe Amabile']","['Danelle Umstead', 'Joe Amabile']",11,12,11,12
27,3,11,percentage,Nancy McKeon,Nancy McKeon,Nancy McKeon,True,"['Nancy McKeon', 'John Schneider']","['Nancy McKeon', 'Joe Amabile']",9,11,9,11
27,4,10,percentage,Tinashe,Tinashe,Tinashe,True,"['Tinashe', 'Joe Amabile']","['Tinashe', 'Joe Amabile']",2,10,2,10
27,6,9,percentage,Mary Lou Retton,Mary Lou Retton,Mary Lou Retton,True,"['Mary Lou Retton', 'John Schneider']","['Mary Lou Retton', 'John Schneider']",6,9,6,9
27,7,8,percentage,"['John Schneider', 'DeMarcus Ware']",John Schneider,Joe Amabile,False,"['DeMarcus Ware', 'John Schneider']","['Joe Amabile', 'DeMarcus Ware']",5,8,8,1
27,8,6,percentage,"['Juan Pablo Di Pace', 'Joe Amabile']",Juan Pablo Di Pace,Joe Amabile,False,"['Joe Amabile', 'Bobby Bones']","['Joe Amabile', 'Bobby Bones']",1,6,5,2
28,2,12,rank,Mary Wilson,Lamar Odom,Lamar Odom,True,"['Lamar Odom', 'Ray Lewis']","['Lamar Odom', 'Ray Lewis']",12,12,12,12
28,4,10,rank,Lamar Odom,Sean Spicer,Sean Spicer,True,"['Sean Spicer', 'Kate Flannery']","['Sean Spicer', 'Kate Flannery']",9,10,9,10
28,6,9,rank,Sailor Brinkley-Cook,Sean Spicer,Sean Spicer,True,"['Sean Spicer', 'Hannah Brown']","['Sean Spicer', 'Sailor Brinkley-Cook']",9,8,9,8
28,7,8,rank,Karamo Brown,Sean Spicer,Sean Spicer,True,"['Sean Spicer', 'Kate Flannery']","['Sean Spicer', 'Kate Flannery']",8,8,8,8
28,8,7,rank,Kate Flannery,Sean Spicer,Sean Spicer,True,"['Sean Spicer', 'Lauren Alaina']","['Sean Spicer', 'Lauren Alaina']",7,7,7,7
28,9,6,rank,Sean Spicer,Lauren Alaina,Lauren Alaina,True,"['Lauren Alaina', 'Hannah Brown']","['Lauren Alaina', 'Hannah Brown']",5,6,5,6
28,10,5,rank,James Van Der Beek,Hannah Brown,Hannah Brown,True,"['Hannah Brown', 'Lauren Alaina']","['Hannah Brown', 'Lauren Alaina']",3,5,3,5
29,2,15,rank,Charles Oakley,Skai Jackson,Skai Jackson,True,"['Skai Jackson', 'Monica Aldama']","['Skai Jackson', 'Monica Aldama']",14,15,14,15
29,3,14,rank,Carole Baskin,Anne Heche,Anne Heche,True,"['Anne Heche', 'Nelly']","['Anne Heche', 'Nelly']",13,14,13,14
29,4,13,rank,Anne Heche,Jeannie Mai,Jeannie Mai,True,"['Jeannie Mai', 'Nelly']","['Jeannie Mai', 'Nelly']",10,13,10,13
29,5,12,rank,Jesse Metcalfe,Chrishell Stause,Chrishell Stause,True,"['Chrishell Stause', 'Veron Davis']","['Chrishell Stause', 'Veron Davis']",11,12,11,12
29,6,11,rank,Veron Davis,Skai Jackson,Skai Jackson,True,"['Skai Jackson', 'Johnny Weir']","['Skai Jackson', 'Johnny Weir']",11,11,11,11
29,7,10,rank,Monica Aldama,Kaitlyn Bristowe,Kaitlyn Bristowe,True,"['Kaitlyn Bristowe', 'Jeannie Mai']","['Kaitlyn Bristowe', 'Jeannie Mai']",9,10,9,10
29,8,8,rank,Chrishell Stause,Nelly,Nelly,True,"['Nelly', 'Skai Jackson']","['Nelly', 'Skai Jackson']",8,8,8,8
29,9,7,rank,AJ McLean,Nelly,Nelly,True,"['Nelly', 'Justina Machado']","['Nelly', 'Justina Machado']",7,7,7,7
29,10,6,rank,"['Skai Jackson', 'Johnny Weir']",Nelly,Nelly,True,"['Nelly', 'Johnny Weir']","['Nelly', 'Skai Jackson']",6,6,6,6
30,2,15,rank,Martin Kove,Matt James,Matt James,True,"['Matt James', 'Brian Austin Green']","['Matt James', 'Brian Austin Green']",14,15,14,15
30,3,14,rank,Christine Chiu,Cody Rigsby,Cody Rigsby,True,"['Cody Rigsby', 'Iman Shumpert']","['Cody Rigsby', 'Iman Shumpert']",14,14,14,14
30,4,13,rank,"['Brian Austin Green', 'Matt James']",Cody Rigsby,Cody Rigsby,True,"['Cody Rigsby', 'Kenya Moore']","['Cody Rigsby', 'Kenya Moore']",11,13,11,13
30,5,11,rank,Melanie C,Iman Shumpert,Iman Shumpert,True,"['Iman Shumpert', 'Cody Rigsby']","['Iman Shumpert', 'Melanie C']",11,11,11,11
30,6,10,rank,Kenya Moore,"Mike ""The Miz"" Mizanin","Mike ""The Miz"" Mizanin",True,"['Mike ""The Miz"" Mizanin', 'Melora Hardin']","['Mike ""The Miz"" Mizanin', 'Melora Hardin']",8,10,8,10
30,7,9,rank,"Mike ""The Miz"" Mizanin",Amanda Kloots,Amanda Kloots,True,"['Amanda Kloots', 'Iman Shumpert']","['Amanda Kloots', 'Iman Shumpert']",6,9,6,9
30,8,8,rank,"['Jimmie Allen', 'Olivia Jade']",Iman Shumpert,Iman Shumpert,True,"['Iman Shumpert', 'Jimmie Allen']","['Iman Shumpert', 'Cody Rigsby']",7,8,7,8
30,9,6,rank,"['Melora Hardin', 'Suni Lee']",Cody Rigsby,Cody Rigsby,True,"['Cody Rigsby', 'Suni Lee']","['Cody Rigsby', 'Suni Lee']",6,6,6,6
31,1,16,rank,Jason Lewis,Vinny Guadagnino,Vinny Guadagnino,True,"['Vinny Guadagnino', 'Teresa Giudice']","['Vinny Guadagnino', 'Teresa Giudice']",16,16,16,16
31,2,15,rank,Teresa Giudice,Cheryl Ladd,Cheryl Ladd,True,"['Cheryl Ladd', 'Joseph Baena']","['Cheryl Ladd', 'Joseph Baena']",15,15,15,15
31,3,14,rank,Cheryl Ladd,Vinny Guadagnino,Vinny Guadagnino,True,"['Vinny Guadagnino', 'Sam Champion']","['Vinny Guadagnino', 'Sam Champion']",14,14,14,14
31,4,13,rank,Sam Champion,Trevor Donovan,Trevor Donovan,True,"['Trevor Donovan', 'Joseph Baena']","['Trevor Donovan', 'Joseph Baena']",11,13,11,13
31,5,12,rank,Joseph Baena,Vinny Guadagnino,Vinny Guadagnino,True,"['Vinny Guadagnino', 'Daniel Durant']","['Vinny Guadagnino', 'Daniel Durant']",12,12,12,12
31,6,10,rank,Jessie James Decker,Vinny Guadagnino,Vinny Guadagnino,True,"['Vinny Guadagnino', 'Jordin Sparks']","['Vinny Guadagnino', 'Jordin Sparks']",10,10,10,10
31,7,9,rank,Jordin Sparks,Vinny Guadagnino,Vinny Guadagnino,True,"['Vinny Guadagnino', ""Heidi D'Amelio""]","['Vinny Guadagnino', ""Heidi D'Amelio""]",9,9,9,9
31,8,8,rank,"[""Heidi D'Amelio"", 'Vinny Guadagnino']",Daniel Durant,Daniel Durant,True,"['Daniel Durant', ""Heidi D'Amelio""]","['Daniel Durant', 'Trevor Donovan']",5,8,5,8
31,9,6,rank,"['Trevor Donovan', 'Daniel Durant']",Daniel Durant,Shangela,False,"['Daniel Durant', 'Shangela']","['Shangela', 'Daniel Durant']",5,5,3,6
32,1,14,rank,Matt Walsh,Harry Jowsey,Harry Jowsey,True,"['Harry Jowsey', 'Tyson Beckford']","['Harry Jowsey', 'Tyson Beckford']",12,14,12,14
32,2,13,rank,Jamie Lynn Spears,Mauricio Umansky,Mauricio Umansky,True,"['Mauricio Umansky', 'Harry Jowsey']","['Mauricio Umansky', 'Harry Jowsey']",13,13,13,13
32,3,12,rank,Tyson Beckford,Adrian Peterson,Adrian Peterson,True,"['Adrian Peterson', 'Mauricio Umansky']","['Adrian Peterson', 'Mauricio Umansky']",11,12,11,12
32,4,11,rank,Adrian Peterson,Alyson Hannigan,Alyson Hannigan,True,"['Alyson Hannigan', 'Barry Williams']","['Alyson Hannigan', 'Barry Williams']",10,11,10,11
32,5,10,rank,Mira Sorvino,Harry Jowsey,Harry Jowsey,True,"['Harry Jowsey', 'Alyson Hannigan']","['Harry Jowsey', 'Alyson Hannigan']",10,10,10,10
32,6,9,rank,Mauricio Umansky,Harry Jowsey,Harry Jowsey,True,"['Harry Jowsey', 'Alyson Hannigan']","['Harry Jowsey', 'Alyson Hannigan']",9,9,9,9
32,7,8,rank,Lele Pons,Harry Jowsey,Harry Jowsey,True,"['Harry Jowsey', 'Barry Williams']","['Harry Jowsey', 'Lele Pons']",8,8,8,8
32,8,7,rank,Barry Williams,Harry Jowsey,Harry Jowsey,True,"['Harry Jowsey', 'Jason Mraz']","['Harry Jowsey', 'Jason Mraz']",7,7,7,7
32,9,6,rank,Harry Jowsey,Alyson Hannigan,Alyson Hannigan,True,"['Alyson Hannigan', 'Ariana Madix']","['Alyson Hannigan', 'Ariana Madix']",5,6,5,6
33,2,13,rank,"['Tori Spelling', 'Anna Delvey']",Reginald VelJohnson,Reginald VelJohnson,True,"['Reginald VelJohnson', 'Eric Roberts']","['Reginald VelJohnson', 'Eric Roberts']",12,13,12,13
33,3,11,rank,"['Eric Roberts', 'Reginald VelJohnson']",Dwight Howard ,Dwight Howard ,True,"['Dwight Howard\xa0', 'Eric Roberts']","['Dwight Howard\xa0', 'Phaedra Parks']",9,11,9,11
33,4,9,rank,Brooks Nader,Dwight Howard ,Dwight Howard ,True,"['Dwight Howard\xa0', 'Jenn Tran']","['Dwight Howard\xa0', 'Jenn Tran']",9,9,9,9
33,5,8,rank,Phaedra Parks,Stephen Nedoroscik,Stephen Nedoroscik,True,"['Stephen Nedoroscik', 'Dwight Howard\xa0']","['Stephen Nedoroscik', 'Dwight Howard\xa0']",6,8,6,8
33,6,7,rank,Jenn Tran,Ilona Maher,Ilona Maher,True,"['Ilona Maher', 'Stephen Nedoroscik']","['Ilona Maher', 'Jenn Tran']",7,7,7,7
33,7,6,rank,Dwight Howard ,Danny Amendola,Danny Amendola,True,"['Danny Amendola', 'Ilona Maher']","['Danny Amendola', 'Ilona Maher']",5,6,5,6
34,2,14,rank,"['Corey Feldman', 'Baron Davis']",Andy Richter,Andy Richter,True,"['Andy Richter', 'Scott Hoying']","['Andy Richter', 'Scott Hoying']",13,14,13,14
34,3,12,rank,Lauren Jauregui,Andy Richter,Andy Richter,True,"['Andy Richter', 'Jen Affleck']","['Andy Richter', 'Jen Affleck']",11,12,11,12
34,4,11,rank,Hilaria Baldwin,Andy Richter,Andy Richter,True,"['Andy Richter', 'Scott Hoying']","['Andy Richter', 'Scott Hoying']",11,11,11,11
34,6,10,rank,Scott Hoying,Andy Richter,Andy Richter,True,"['Andy Richter', 'Dylan Efron']","['Andy Richter', 'Dylan Efron']",10,10,10,10
34,7,9,rank,Jen Affleck,Andy Richter,Andy Richter,True,"['Andy Richter', 'Elaine Hendrix']","['Andy Richter', 'Elaine Hendrix']",9,9,9,9
34,8,8,rank,Danielle Fishel,Andy Richter,Andy Richter,True,"['Andy Richter', 'Elaine Hendrix']","['Andy Richter', 'Elaine Hendrix']",8,8,8,8
34,9,7,rank,Andy Richter,Elaine Hendrix,Elaine Hendrix,True,"['Elaine Hendrix', 'Jordan Chiles']","['Elaine Hendrix', 'Jordan Chiles']",6,7,6,7
34,10,6,rank,Whitney Leavitt,Dylan Efron,Whitney Leavitt,False,"['Dylan Efron', 'Whitney Leavitt']","['Whitney Leavitt', 'Dylan Efron']",6,5,2,6
